theme,abnormality,fiedler_today,fiedler_baseline,fiedler_change,pct_change,num_stocks,stock_list
반도체 재료/부품,LARGE_DECREASE,1.8055184964771895,38.33287525927115,-36.52735676279396,-95.28989546371032,68,"3S, HLB, HLB이노베이션, ISC, KEC, KPX케미칼, KX, KX하이텍, OCI, 나노"
냉각시스템(액침냉각 등),LARGE_DECREASE,0.9395916244954803,5.840874730448848,-4.901283105953368,-83.91351179648949,13,"3S, GS, GST, LG, LG전자, SK, SK이노베이션, 워트, 유니셈, 케이엔솔"
여름,LARGE_DECREASE,0.9485712956060219,13.861797917594592,-12.913226621988569,-93.15693893934196,29,"3S, DI동일, LG, LG생활건강, 남해화학, 동우팜투테이블, 롯데웰푸드, 롯데칠성, 롯데하이마트, 마니커"
밸류업(24년 기업가치 제고계획 발표),LARGE_DECREASE,2.9016829678040064,48.28533377526747,-45.38365080746346,-93.99055004712363,97,"AK홀딩스, BNK금융지주, DB, DB증권, DB하이텍, HD한국조선해양, HD현대, HD현대건설기계, HD현대마린솔루션, HD현대미포"
지주사,LARGE_DECREASE,1.9774084308431221,86.266260336608,-84.28885190576487,-97.70778468531341,150,"AK홀딩스, APS, BGF, BNK금융지주, CJ, CR홀딩스, CS, CS홀딩스, DB, DL"
항공/저가 항공사(LCC),"LARGE_DECREASE, NEW_CONNECTION",3.948625758268965,-3.8778491281163843e-16,3.9486257582689652,-1.0182515172236626e+18,10,"AK홀딩스, 대한항공, 아시아나항공, 에어부산, 제주항공, 진에어, 티웨이항공, 티웨이홀딩스, 한진, 한진칼"
OLED(유기 발광 다이오드),LARGE_DECREASE,0.5815324515067938,39.67878968630866,-39.097257234801866,-98.53439972311591,85,"APS, AP시스템, HB솔루션, HB테크놀러지, LG, LG디스플레이, LG전자, LG화학, LX세미콘, PI첨단소재"
맥신(MXene),"LARGE_DECREASE, DISCONNECTION",0.0,5.829913513373968,-5.829913513373968,-100.0,11,"APS, 경동인베스트, 나노, 나인테크, 센코, 아모센스, 아이크래프트, 태경산업, 티플랙스, 한국앤컴퍼니"
반도체 장비,LARGE_DECREASE,2.941118971567151,52.05357771735479,-49.11245874578764,-94.34982358458221,96,"AP시스템, GS, GST, HPSP, SFA반도체, 고영, 그린리소스, 기가레인, 기가비스, 네오셈"
플렉서블 디스플레이,"LARGE_DECREASE, DISCONNECTION",0.0,12.037780582767912,-12.037780582767912,-100.0,27,"AP시스템, HB솔루션, LG, LG디스플레이, PI첨단소재, SK, SKC, 경인양행, 덕산네오룩스, 디이엔티"
통신장비,"LARGE_DECREASE, DISCONNECTION",0.0,23.903314721193016,-23.903314721193016,-100.0,47,"AP위성, CS, LS, LS마린솔루션, RFHIC, RF머트리얼즈, 기가레인, 기산텔레콤, 다보링크, 다산네트웍스"
우주항공산업(누리호/인공위성 등),"LARGE_DECREASE, DISCONNECTION",0.0,15.95162780695567,-15.95162780695567,-100.0,29,"AP위성, LIG넥스원, LK삼양, 대한항공, 덕산하이메탈, 루미르, 브이엠, 비츠로테크, 상아프론테크, 서남"
밸류업(25년 기업가치 제고계획 발표),"LARGE_DECREASE, DISCONNECTION",0.0,47.21690439888692,-47.21690439888692,-100.0,78,"BGF, BGF리테일, DB, DB손해보험, DB하이텍, DI동일, F&F, GS, HMM, HS애드"
코리아 밸류업 지수(Korea Value-up Index),LARGE_DECREASE,5.5234219319387945,65.5944806898266,-60.071058757887805,-91.57944102331243,116,"BGF, BGF리테일, DB, DB손해보험, DB하이텍, F&F, HD현대, HD현대인프라코어, HD현대일렉트릭, HMM"
소매유통,"LARGE_DECREASE, DISCONNECTION",6.401300295375813e-15,12.577666247354315,-12.577666247354308,-99.99999999999994,24,"BGF, BGF리테일, CJ, CJ ENM, GS, GS리테일, 광주신세계, 그래디언트, 대구백화점, 디오"
편의점,LARGE_DECREASE,1.913869802348506,5.000000000000001,-3.086130197651495,-61.72260395302989,7,"BGF, BGF리테일, GS, GS리테일, 롯데지주, 유성티엔에스, 이마트"
자동차부품,LARGE_DECREASE,3.154318858928022,81.02534986386055,-77.87103100493253,-96.10699754554848,155,"BGF, BGF에코머티리얼즈, DH오토리드, DH오토웨어, DN오토모티브, DYP, GH신소재, HDC, HDC현대EP, HL만도"
은행,LARGE_DECREASE,0.981907563026282,6.999999999999999,-6.018092436973717,-85.97274909962454,10,"BNK금융지주, JB금융지주, KB금융, iM금융지주, 기업은행, 신한지주, 우리금융지주, 제주은행, 카카오, 카카오뱅크"
日제품 불매운동(수혜),"LARGE_DECREASE, DISCONNECTION",2.2263365044768003e-15,9.633682572635966,-9.633682572635964,-99.99999999999997,21,"BYC, TBH글로벌, 그리티, 깨끗한나라, 리드코프, 메디앙스, 모나리자, 모나미, 배럴, 보라티알"
패션/의류,"LARGE_DECREASE, DISCONNECTION",0.0,27.765942302616025,-27.765942302616025,-100.0,60,"BYC, F&F, LF, LS, LS네트웍스, SG, SG세계물산, TBH글로벌, TP, 감성코퍼레이션"
슈퍼박테리아,"LARGE_DECREASE, DISCONNECTION",0.0,6.000000000000001,-6.000000000000001,-100.0,10,"CG인바이츠, 동아에스티, 리가켐바이오, 씨젠, 이연제약, 인트론바이오, 종근당, 종근당바이오, 크레오에스지, 파루"
유전자 치료제/분석,LARGE_DECREASE,1.6273801114430893,20.34889383655047,-18.721513725107382,-92.00261142195355,41,"CG인바이츠, CJ, CJ 바이오사이언스, HLB, HLB제넥스, HLB파나진, 고바이오랩, 녹십자, 랩지노믹스, 마크로젠"
면역항암제,LARGE_DECREASE,0.9543383825941116,17.20671159613213,-16.252373213538018,-94.45368525378994,33,"CG인바이츠, HLB, 네오이뮨텍, 더코디, 동아에스티, 메드팩토, 바이젠셀, 박셀바이오, 셀리드, 신라젠"
사료,"LARGE_DECREASE, DISCONNECTION",0.0,7.538022394076908,-7.538022394076908,-100.0,22,"CJ, CJ제일제당, 고려산업, 대주산업, 대한제당, 미래생명자원, 사조동아원, 선진, 씨티씨바이오, 애드바이오텍"
김밥(냉동김밥 등),LARGE_DECREASE,0.7215863905035554,3.0000000000000004,-2.278413609496445,-75.94712031654815,6,"CJ, CJ씨푸드, 사조대림, 우양, 풀무원, 한성기업, 한울앤제주"
홈쇼핑,"LARGE_DECREASE, DISCONNECTION",0.0,2.604182110035028,-2.604182110035028,-100.0,8,"CJ, CJ ENM, GS, GS리테일, 롯데쇼핑, 태광, 태광산업, 현대홈쇼핑"
음식료업종,LARGE_DECREASE,0.9271263258072233,36.91553975879968,-35.98841343299246,-97.48852019538406,69,"CJ, CJ제일제당, CJ프레시웨이, HK이노엔, LG, LG생활건강, SPC삼립, 교촌에프앤비, 국순당, 남양유업"
환율하락 수혜,LARGE_DECREASE,1.8198564570964053,11.355493312438696,-9.535636855342291,-83.9737789717779,24,"CJ, CJ제일제당, POSCO홀딩스, S-Oil, 고려아연, 농심, 대상, 대한제당, 대한제분, 대한항공"
음원/음반,LARGE_DECREASE,0.37513537995983176,7.216583291261975,-6.841447911302144,-94.801759159157,16,"CJ, CJ ENM, JYP Ent., KT, KT지니뮤직, NHN, NHN벅스, YG PLUS, 다날, 드림어스컴퍼니"
수산,LARGE_DECREASE,0.8892191928918879,6.653683455521178,-5.76446426262929,-86.63568534878195,11,"CJ, CJ씨푸드, 동원산업, 동원수산, 사조대림, 사조산업, 사조씨푸드, 사조오양, 신라교역, 신라에스지"
엔터테인먼트,LARGE_DECREASE,0.5800562982041505,16.317002870670464,-15.736946572466314,-96.4450806143646,31,"CJ, CJ ENM, JYP Ent., KT, KT지니뮤직, NEW, SM C&C, TJ미디어, 고스트스튜디오, 노머스"
메타버스(Metaverse),LARGE_DECREASE,0.4365704681776123,26.788898163792883,-26.35232769561527,-98.37033062909742,52,"CJ, CJ ENM, KT, LG, LG유플러스, LG이노텍, NAVER, SBS, SK, SKAI"
영상콘텐츠,"LARGE_DECREASE, DISCONNECTION",0.0,17.812306964800936,-17.812306964800936,-100.0,37,"CJ, CJ ENM, JYP Ent., KX, M83, NEW, SAMG엔터, SBS, SM C&C, 고스트스튜디오"
코로나19(진단/치료제/백신 개발 등),LARGE_DECREASE,1.8257556106209245,37.54631481360982,-35.720559202988895,-95.13732407645205,78,"CJ, CJ 바이오사이언스, HLB, HLB제넥스, JW중외제약, SK, SK바이오사이언스, SV인베스트먼트, 강스템바이오텍, 국전약품"
구제역/광우병 수혜,"LARGE_DECREASE, DISCONNECTION",0.0,11.288011293753412,-11.288011293753412,-100.0,22,"CJ, CJ씨푸드, 대성미생물, 동우팜투테이블, 동원산업, 동원수산, 마니커, 사조대림, 사조산업, 사조오양"
미디어(방송/신문),"LARGE_DECREASE, DISCONNECTION",0.0,4.836816630263402,-4.836816630263402,-100.0,13,"CJ, CJ ENM, KNN, SBS, YTN, iMBC, 디지틀조선, 스카이라이프, 아시아경제, 애니플러스"
영화,"LARGE_DECREASE, DISCONNECTION",0.0,6.549948440299903,-6.549948440299903,-100.0,14,"CJ, CJ CGV, CJ ENM, NEW, 덱스터, 디오, 롯데쇼핑, 바른손, 바른손이앤에이, 쇼박스"
마이크로바이옴,"LARGE_DECREASE, DISCONNECTION",5.4073831326702256e-17,9.466094951456654,-9.466094951456654,-100.0,21,"CJ, CJ 바이오사이언스, DXVX, HLB, HLB제넥스, LG, LG생활건강, 고바이오랩, 랩지노믹스, 마크로젠"
코로나19(진단키트),LARGE_DECREASE,1.2482245300422652,19.25964807194005,-18.011423541897784,-93.51896501234184,44,"CJ, CJ 바이오사이언스, HLB, HLB제넥스, 나노, 나노실리칸첨단소재, 나노엔텍, 녹십자, 녹십자엠에스, 대웅"
종합 물류,LARGE_DECREASE,0.8123618917122511,7.248597915992902,-6.436236024280651,-88.79284102764342,18,"CJ, CJ대한통운, KCTC, SG, SG&G, STX그린로지스, 동방, 삼일, 선광, 세방"
제약업체,LARGE_DECREASE,2.7373980598318495,44.26734428378776,-41.52994622395591,-93.81621349976855,95,"CMG제약, HK이노엔, HLB, HLB제약, JW생명과학, JW신약, JW중외제약, SK, SK바이오사이언스, SK바이오팜"
화장품,LARGE_DECREASE,0.9455563825071874,50.90541148429269,-49.95985510178551,-98.14252285771437,97,"CS, CSA 코스믹, HLB, HLB글로벌, HLB펩, LG, LG생활건강, 강스템바이오텍, 국제약품, 글로본"
수자원(양적/질적 개선),LARGE_DECREASE,0.3692624193044295,14.90314983191572,-14.53388741261129,-97.52225252064743,32,"CS, CSA 코스믹, GS, GS건설, KG케미칼, 금호건설, 뉴보텍, 대우건설, 도화엔지니어링, 동양"
스마트홈(홈네트워크),"LARGE_DECREASE, DISCONNECTION",0.0,12.96794665774323,-12.96794665774323,-100.0,27,"CS, HDC, HDC랩스, KT, LG, LG유플러스, LG전자, SK, SK텔레콤, 경동나비엔"
스마트그리드(지능형전력망),"LARGE_DECREASE, DISCONNECTION",0.0,10.833895207096782,-10.833895207096782,-100.0,22,"CS, LS, LS ELECTRIC, 누리플렉스, 비츠로셀, 비츠로시스, 삼화콘덴서, 서전기전, 스맥, 아모그린텍"
반도체 대표주(생산),"LARGE_DECREASE, DISCONNECTION",0.0,3.000000000000001,-3.000000000000001,-100.0,6,"DB, DB하이텍, SK, SK하이닉스, 삼성전자, 이닉스"
손해보험,LARGE_DECREASE,0.853193750109766,3.913869802348504,-3.060676052238738,-78.20076310157764,10,"DB, DB손해보험, 롯데손해보험, 삼성화재, 코리안리, 한화, 한화손해보험, 현대해상, 흥국, 흥국화재"
시스템반도체,"LARGE_DECREASE, DISCONNECTION",0.0,31.09581172420578,-31.09581172420578,-100.0,58,"DB, DB하이텍, LB세미콘, LX세미콘, SFA반도체, SK, SK하이닉스, 가온칩스, 고영, 네패스"
SI(시스템통합),LARGE_DECREASE,0.8046035771606921,14.85497131405826,-14.050367736897567,-94.58360733151169,34,"DB, LG, SG, SGA, SGA솔루션즈, SK, 광무, 나무기술, 다우기술, 대신정보통신"
클라우드 컴퓨팅,"LARGE_DECREASE, DISCONNECTION",0.0,20.24074205011369,-20.24074205011369,-100.0,37,"DB, KT, LG, NAVER, SG, SGA, SGA솔루션즈, SK, SK텔레콤, 가비아"
교육/온라인 교육,"LARGE_DECREASE, DISCONNECTION",0.0,13.704065655743292,-13.704065655743292,-100.0,30,"DB, NE능률, SG, SGA, YBM넷, 골드앤에스, 대교, 디지털대성, 로보로보, 멀티캠퍼스"
스마트카(SMART CAR),"LARGE_DECREASE, DISCONNECTION",0.0,6.333352444549888,-6.333352444549888,-100.0,17,"DB, DB하이텍, HL만도, LG, LG이노텍, MDS테크, 대모, 모바일어플라이언스, 모비스, 모트렉스"
기업인수목적회사(SPAC),LARGE_DECREASE,0.0,-1.9597985568707942e-14,1.9597985568707942e-14,-100.0,72,"DB, DB금융스팩12호, IBKS제21호스팩, IBKS제22호스팩, IBKS제23호스팩, IBKS제24호스팩, KB제25호스팩, KB제27호스팩, KB제29호스팩, KB제30호스팩"
증권,"LARGE_DECREASE, DISCONNECTION",0.0,6.841952700091964,-6.841952700091964,-100.0,25,"DB, DB증권, LS, LS증권, NH투자증권, SK, SK증권, 교보증권, 다올투자증권, 대신증권"
태양광에너지,LARGE_DECREASE,1.2919359315813237,30.803524114976987,-29.511588183395663,-95.80588270757899,56,"DGP, HD현대, HD현대에너지솔루션, KCC, LS, LS ELECTRIC, OCI, OCI홀딩스, SDN, SK"
풍력에너지,"LARGE_DECREASE, DISCONNECTION",0.0,23.89882749197797,-23.89882749197797,-100.0,42,"DGP, LS, LS마린솔루션, LS머트리얼즈, LS에코에너지, POSCO홀딩스, SK, SK오션플랜트, SK이터닉스, 금양그린파워"
4차산업 수혜주,"LARGE_DECREASE, DISCONNECTION",0.0,23.423036712327043,-23.423036712327043,-100.0,45,"DH오토웨어, DSC인베스트먼트, KT, LG, LG유플러스, LG전자, MDS테크, NAVER, SBI인베스트먼트, SG"
자율주행차,LARGE_DECREASE,1.5325595535767909,30.31542971504082,-28.78287016146403,-94.94462203576674,61,"DH오토웨어, HL만도, KG모빌리티, KT, LG, LG이노텍, LG전자, MDS테크, NAVER, SK"
2차전지,LARGE_DECREASE,0.9429712828066523,76.53230550047398,-75.58933421766733,-98.76787811808333,156,"DI동일, HB테크놀러지, KG케미칼, LG, LG에너지솔루션, LG화학, PI첨단소재, POSCO홀딩스, SK, SKC"
2차전지(소재/부품),LARGE_DECREASE,0.9591420425677974,38.381621014761215,-37.42247897219342,-97.50103821253688,86,"DI동일, KG케미칼, LG, LG화학, PI첨단소재, POSCO홀딩스, SK, SKC, SK아이이테크놀로지, TCC스틸"
비철금속,"LARGE_DECREASE, DISCONNECTION",0.0,12.420992260414437,-12.420992260414437,-100.0,26,"DI동일, 고려아연, 국일신동, 그린플러스, 남선알미늄, 대양금속, 대창, 대호에이엘, 삼아알미늄, 서원"
GTX(수도권 광역급행철도),LARGE_DECREASE,0.7623190850312408,13.140999292511731,-12.37868020748049,-94.19892606290877,29,"DL, DL이앤씨, GS, GS건설, HDC, HDC현대산업개발, HJ중공업, HL D&I, 금호건설, 남광토건"
원자력발전,"LARGE_DECREASE, DISCONNECTION",0.0,29.363771137447905,-29.363771137447905,-100.0,57,"DL, DL이앤씨, GS, GS건설, HRS, LS, LS ELECTRIC, SG, SG&G, SNT에너지"
두나무(Dunamu),LARGE_DECREASE,1.6901461807892555,6.6516697216846765,-4.961523540895421,-74.59064788981749,13,"DSC인베스트먼트, TS인베스트먼트, 네오위즈, 대성창투, 신성이엔지, 에이티넘인베스트, 우리기술, 우리기술투자, 카카오, 코오롱"
마켓컬리(kurly),"LARGE_DECREASE, DISCONNECTION",0.0,2.8377466631361763,-2.8377466631361763,-100.0,12,"DSC인베스트먼트, SK, SK네트웍스, 미래에셋벤처투자, 우양, 이씨에스, 지어소프트, 케이씨피드, 태경케미컬, 팜스코"
퓨리오사AI,"LARGE_DECREASE, DISCONNECTION",0.0,1.4659298032772683,-1.4659298032772683,-100.0,8,"DSC인베스트먼트, LB인베스트먼트, TS인베스트먼트, 나우IB, 아이티센글로벌, 엑스페릭스, 토마토시스템, 팬스타엔터프라이즈, 포바이포"
창투사,LARGE_DECREASE,6.758200010099783,9.946597465154374,-3.1883974550545915,-32.055157215564535,21,"DSC인베스트먼트, HB인베스트먼트, LB인베스트먼트, SBI인베스트먼트, SV인베스트먼트, TS인베스트먼트, 나우IB, 대성창투, 린드먼아시아, 미래에셋벤처투자"
일자리(취업),LARGE_DECREASE,1.8993629602090039,4.216890396470205,-2.3175274362612015,-54.958208973159785,9,"DSC인베스트먼트, TS인베스트먼트, 대성창투, 메가엠디, 사람인, 아이비김영, 오픈놀, 원티드랩, 윌비스"
철강 중소형,"LARGE_DECREASE, DISCONNECTION",0.0,22.40558294433656,-22.40558294433656,-100.0,41,"DSR제강, NI스틸, SK, SK오션플랜트, TCC스틸, 경남스틸, 금강공업, 금강철강, 넥스틸, 대동"
폐배터리,LARGE_DECREASE,2.894639449227822,13.156342473718338,-10.261703024490515,-77.99814458303837,24,"DS단석, LG, LG에너지솔루션, NPC, POSCO홀딩스, SK, SK이노베이션, 나인테크, 동서, 새빗켐"
건강기능식품,"LARGE_DECREASE, DISCONNECTION",0.0,30.38171470369149,-30.38171470369149,-100.0,56,"DXVX, HK이노엔, HLB, HLB제약, KT, KT&G, LG, LG생활건강, 경남제약, 그래디언트"
메르스 코로나 바이러스,"LARGE_DECREASE, DISCONNECTION",0.0,11.32968915670762,-11.32968915670762,-100.0,23,"DXVX, PKC, 고려제약, 바이오니아, 빌리언스, 삼진, 삼진제약, 서린바이오, 에이프로, 에이프로젠"
마이코플라스마 폐렴,"LARGE_DECREASE, DISCONNECTION",0.0,4.913117788874064,-4.913117788874064,-100.0,12,"DXVX, 경동제약, 광동제약, 국전약품, 국제약품, 멕아이씨에스, 수젠텍, 위더스제약, 이씨에스, 인트론바이오"
비만치료제,"LARGE_DECREASE, DISCONNECTION",0.0,19.154822851824157,-19.154822851824157,-100.0,38,"DXVX, HK이노엔, HLB, HLB제약, HLB펩, LG, LG화학, 고바이오랩, 광동제약, 나이벡"
수소차(연료전지/부품/충전소 등),LARGE_DECREASE,0.9720308438291863,43.5059414756549,-42.53391063182571,-97.765751502302,81,"DYP, EG, HS효성, HS효성첨단소재, LS, LS ELECTRIC, SJG세종, SK, SNT모티브, 기아"
LPG(액화석유가스),LARGE_DECREASE,2.5363708484932603,5.627869866366041,-3.0914990178727804,-54.93195634015229,10,"E1, GS, S-Oil, SK, SK가스, SK이노베이션, 극동유화, 대성산업, 중앙에너비스, 흥구석유"
셰일가스(Shale Gas),LARGE_DECREASE,0.8932512455637158,6.443285428540047,-5.550034182976331,-86.13671153528094,14,"E1, SH에너지화학, SK, SK가스, SNT에너지, 두산, 두산에너빌리티, 비에이치, 비에이치아이, 우림피티에스"
가상현실(VR),"LARGE_DECREASE, DISCONNECTION",0.0,14.6952485675396,-14.6952485675396,-100.0,32,"E8, LG, LG전자, SOOP, 나무가, 데브시스터즈, 덱스터, 동운아나텍, 디오, 라온텍"
2차전지(LFP/리튬인산철),"LARGE_DECREASE, DISCONNECTION",0.0,7.872105304929436,-7.872105304929436,-100.0,15,"EG, LG, LG에너지솔루션, SK, SK이노베이션, 브이티, 소프트센, 씨아이에스, 아모그린텍, 엘앤에프"
페라이트,"LARGE_DECREASE, DISCONNECTION",0.0,7.861283324463712,-7.861283324463712,-100.0,16,"EG, 나노, 미래나노텍, 삼화전기, 삼화전자, 상신전자, 씨큐브, 아모그린텍, 아모센스, 알엔투테크놀로지"
희귀금속(희토류 등),LARGE_DECREASE,0.971680464102819,7.594794068447149,-6.623113604344329,-87.20596693806746,17,"EG, LS, LS에코에너지, POSCO홀딩스, 그린리소스, 노바텍, 대원, 대원화성, 동국알앤에스, 바텍"
쿠팡(coupang),LARGE_DECREASE,0.7606680125181393,11.621677801889325,-10.861009789371185,-93.4547487420923,22,"ESR켄달스퀘어리츠, KCTC, NEW, 갤럭시아머니트리, 다날, 동방, 디아이, 디아이씨, 미래생명자원, 서울식품"
리츠(REITs),LARGE_DECREASE,1.0510591351253333,11.556439469913393,-10.50538033478806,-90.90499164676358,23,"ESR켄달스퀘어리츠, KB스타리츠, NH올원리츠, NH프라임리츠, SK, SK리츠, 디앤디플랫폼리츠, 롯데리츠, 마스턴프리미어리츠, 미래에셋글로벌리츠"
NFT(대체불가토큰),"LARGE_DECREASE, DISCONNECTION",0.0,9.793032923403722,-9.793032923403722,-100.0,22,"FSN, NAVER, 갤럭시아머니트리, 갤럭시아에스엠, 다날, 미투온, 빌리언스, 삼성전자, 서울옥션, 아톤"
가상화폐(비트코인 등),"LARGE_DECREASE, DISCONNECTION",0.0,14.09218781564226,-14.09218781564226,-100.0,30,"FSN, KG모빌리언스, SBI인베스트먼트, SG, SGA, SGA솔루션즈, TS인베스트먼트, 감성코퍼레이션, 갤럭시아머니트리, 네오위즈"
광고,"LARGE_DECREASE, DISCONNECTION",0.0,12.10507819312389,-12.10507819312389,-100.0,24,"FSN, HS애드, KT, KT나스미디어, SM C&C, YG PLUS, 드림인사이트, 레뷰코퍼레이션, 레이, 모비데이즈"
코로나19(음압병실/음압구급차),LARGE_DECREASE,0.5505102572168218,3.1980622641951637,-2.647552006978342,-82.78613073359392,7,"GH신소재, 신성이엔지, 에스와이, 엔브이에이치코리아, 오텍, 우정바이오, 케이엔솔"
국내 상장 중국기업,"LARGE_DECREASE, DISCONNECTION",0.0,4.806731348067004,-4.806731348067004,-100.0,13,"GRT, 글로벌에스엠, 레이, 로스웰, 씨엑스아이, 에스엠, 오가닉티코스메틱, 윙입푸드, 이스트아시아홀딩스, 컬러레이"
인터넷은행,"LARGE_DECREASE, DISCONNECTION",0.0,18.031593635289045,-18.031593635289045,-100.0,34,"GS, GS리테일, KB금융, KG모빌리언스, KG이니시스, KT, NH투자증권, NICE, NICE평가정보, 드림시큐리티"
호텔/리조트,LARGE_DECREASE,1.8810421240829331,7.742391253045373,-5.8613491289624395,-75.7046361698261,16,"GS, GS피앤엘, HDC, HDC현대산업개발, SK, SK네트웍스, 강원랜드, 레이, 롯데관광개발, 모나용평"
자원개발,"LARGE_DECREASE, DISCONNECTION",0.0,9.34628639051905,-9.34628639051905,-100.0,16,"GS, GS글로벌, LX인터내셔널, SK, SK이노베이션, 대성산업, 레이, 비엘팜텍, 삼성물산, 서울가스"
콜드체인(저온 유통),"LARGE_DECREASE, DISCONNECTION",0.0,5.546311004013876,-5.546311004013876,-100.0,14,"GS, GST, HLB, HLB테라퓨틱스, 대창, 대창솔루션, 대한과학, 동아쏘시오홀딩스, 서린바이오, 아이텍"
종합상사,LARGE_DECREASE,1.0000000000000027,7.709836328998055,-6.709836328998052,-87.02955604597173,13,"GS, GS글로벌, LX인터내셔널, SK, SK네트웍스, 레이, 삼성물산, 코오롱, 코오롱글로벌, 포스코인터내셔널"
UAM(도심항공모빌리티),LARGE_DECREASE,0.91037083374127,15.289244031070794,-14.378873197329524,-94.04567791650643,30,"GS, KT, LG, LG유플러스, LIG넥스원, SK, SK텔레콤, 기산텔레콤, 남성, 네온테크"
모듈러주택,"LARGE_DECREASE, DISCONNECTION",0.0,5.49618145455158,-5.49618145455158,-100.0,11,"GS, GS건설, POSCO홀딩스, 금강공업, 덕신이피씨, 삼성물산, 에스와이, 자연과환경, 코오롱, 코오롱글로벌"
윤활유,LARGE_DECREASE,0.9999999999999993,3.7716717840533662,-2.7716717840533667,-73.48655828887335,8,"GS, S-Oil, SK, SK이노베이션, 극동유화, 미창석유, 한국쉘석유, 흥구석유"
LNG(액화천연가스),"LARGE_DECREASE, DISCONNECTION",0.0,14.752308170221957,-14.752308170221957,-100.0,29,"GS, HD한국조선해양, HD현대, HD현대미포, HD현대인프라코어, HJ중공업, POSCO홀딩스, SK, SK가스, SK오션플랜트"
유리 기판,LARGE_DECREASE,7.317098824515607,10.171146337453177,-2.85404751293757,-28.06023449321657,21,"HB테크놀러지, SK, SKC, 기가비스, 나인테크, 램테크놀러지, 레이, 미래컴퍼니, 삼성전기, 씨앤지하이테크"
2차전지(장비),"LARGE_DECREASE, DISCONNECTION",0.0,24.183533905509663,-24.183533905509663,-100.0,52,"HB테크놀러지, 강원에너지, 나인테크, 대보마그네틱, 대성하이텍, 디아이, 디아이티, 디에스케이, 디이엔티, 레이"
면세점,LARGE_DECREASE,0.9446315924780647,3.0000000000000027,-2.055368407521938,-68.51228025073121,8,"HDC, JTC, 글로벌텍스프리, 신세계, 토니모리, 한국정보통신, 현대백화점, 호텔신라"
철도,"LARGE_DECREASE, DISCONNECTION",0.0,24.951133396512148,-24.951133396512148,-100.0,47,"HDC, HDC랩스, 국영지앤엠, 남광토건, 다원시스, 대아티아이, 대양전기공업, 대원, 대원전선, 대호에이엘"
재난/안전(지진/화재 등),LARGE_DECREASE,0.3616553057953608,12.082325741167509,-11.720670435372147,-97.00674097402364,25,"HDC, HDC현대EP, HRS, LS, LS마린솔루션, 대창, 대창스틸, 동아지질, 동양, 동양파일"
사물인터넷,LARGE_DECREASE,0.0,1.9441064249412468e-41,-1.9441064249412468e-41,-100.0,33,"HDC, HDC랩스, LG, LG유플러스, SG, SGA, SGA솔루션즈, 가온그룹, 기가레인, 누리플렉스"
방위산업/전쟁 및 테러,LARGE_DECREASE,2.6837813891724296,31.31514225425381,-28.63136086508138,-91.42976465703946,58,"HD한국조선해양, HJ중공업, LIG넥스원, RF머트리얼즈, RF시스템즈, SNT다이내믹스, SNT모티브, STX엔진, YTN, 국영지앤엠"
조선,LARGE_DECREASE,0.8915558433143971,2.9429717256965766,-2.0514158823821793,-69.70559263176837,9,"HD한국조선해양, HD현대, HD현대미포, HD현대중공업, HJ중공업, 동일스틸럭스, 삼성중공업, 한화, 한화오션"
전력저장장치(ESS),"LARGE_DECREASE, DISCONNECTION",0.0,27.210998627971534,-27.210998627971534,-100.0,51,"HD현대, HD현대에너지솔루션, HD현대일렉트릭, LG, LG에너지솔루션, LG전자, LS, LS ELECTRIC, SK, SK이노베이션"
건설기계,"LARGE_DECREASE, DISCONNECTION",0.0,11.33068066701242,-11.33068066701242,-100.0,22,"HD현대, HD현대건설기계, HD현대인프라코어, 대동, 대동금속, 대모, 대창, 대창단조, 동일금속, 두산"
우크라이나 재건,"LARGE_DECREASE, DISCONNECTION",0.0,19.25900153472937,-19.25900153472937,-100.0,39,"HD현대, HD현대건설기계, HD현대인프라코어, SG, TYM, 누보, 다산네트웍스, 다스코, 대동, 대동금속"
전력설비,LARGE_DECREASE,0.9934613095712216,15.432215566581018,-14.438754257009796,-93.5624194381875,35,"HD현대, HD현대일렉트릭, LS, LS ELECTRIC, LS마린솔루션, LS에코에너지, 가온전선, 광명전기, 금화피에스시, 대원"
조선기자재,LARGE_DECREASE,0.891501320975175,19.01240029001948,-18.12089896904431,-95.31094807927452,36,"HD현대, HD현대마린솔루션, HD현대마린엔진, KS인더스트리, SK, SK오션플랜트, STX엔진, 대양전기공업, 대창, 대창솔루션"
엠폭스(원숭이두창),"LARGE_DECREASE, DISCONNECTION",0.0,9.381637259972797,-9.381637259972797,-100.0,20,"HK이노엔, 녹십자, 녹십자엠에스, 녹십자홀딩스, 더바이오메드, 랩지노믹스, 바디텍메드, 바이오노트, 바이오니아, 빌리언스"
건설 중소형,LARGE_DECREASE,0.9565415123078583,15.0699045168634,-14.113363004555541,-93.65263720657634,32,"HL D&I, HS화성, KCC, KCC건설, KD, SG, SGC E&C, 계룡건설, 금호건설, 까뮤이앤씨"
줄기세포,"LARGE_DECREASE, DISCONNECTION",0.0,9.284575106883478,-9.284575106883478,-100.0,21,"HLB, HLB생명과학, 강스템바이오텍, 네이처셀, 동구바이오제약, 마크로젠, 메디포스트, 메타케어, 바이오솔루션, 안트로젠"
고령화 사회(노인복지),"LARGE_DECREASE, DISCONNECTION",0.0,24.80869602275281,-24.80869602275281,-100.0,43,"HLB, HLB제약, JW중외제약, LG, LG화학, 나노, 나노엔텍, 녹십자, 녹십자홀딩스, 대원"
의료기기,LARGE_DECREASE,2.6947629829694746,49.32991195809948,-46.63514897513001,-94.53726374930815,88,"HLB, HLB생명과학, 나노, 나노엔텍, 네오펙트, 대원, 대원제약, 더바이오메드, 더블유에스아이, 덴티움"
치매,LARGE_DECREASE,1.6564007480021183,28.913997745687094,-27.257596997684978,-94.2712842320492,55,"HLB, HLB제약, SK, SK케미칼, 고려제약, 국전약품, 네이처셀, 대웅, 대웅제약, 대화제약"
마리화나(대마),LARGE_DECREASE,0.617041885180768,4.318212187855971,-3.7011703026752025,-85.71070947101525,11,"HLB, HLB바이오스텝, 비엘팜텍, 씨티씨바이오, 애머릿지, 엔에프씨, 오성첨단소재, 우리바이오, 인벤티지랩, 한국비엔씨"
리비안(RIVIAN),"LARGE_DECREASE, DISCONNECTION",2.087339772938714e-15,13.721624154423646,-13.721624154423644,-99.99999999999999,24,"HL만도, TCC스틸, 남성, 대원, 대원화성, 대유에이텍, 동국알앤에스, 디와이, 모베이스, 모베이스전자"
전기차,LARGE_DECREASE,0.9778328928067167,63.95177988462586,-62.97394699181914,-98.47098408430413,113,"HL만도, KEC, KG모빌리티, LG, LG에너지솔루션, LG전자, LG화학, LS, LS ELECTRIC, LS머트리얼즈"
자동차 대표주,"LARGE_DECREASE, DISCONNECTION",0.0,1.0000000000000004,-1.0000000000000004,-100.0,9,"HL만도, KG모빌리티, 기아, 대모, 모비스, 한온시스템, 현대모비스, 현대위아, 현대차"
온디바이스 AI,"LARGE_DECREASE, DISCONNECTION",0.0,13.148863240337375,-13.148863240337375,-100.0,26,"HPSP, SK, SK하이닉스, 가온칩스, 네패스, 네패스아크, 대덕, 대덕전자, 디바이스, 리노공업"
타이어,"LARGE_DECREASE, DISCONNECTION",0.0,6.184351163596324,-6.184351163596324,-100.0,12,"HS효성, HS효성첨단소재, 금호석유화학, 금호타이어, 넥센, 넥센타이어, 다이나믹디자인, 코오롱, 코오롱인더, 한국앤컴퍼니"
도시가스,LARGE_INCREASE,7.999999999999999,4.585786437626905,3.414213562373094,74.4520838205434,8,"INVENI, 경동도시가스, 대성에너지, 대성홀딩스, 삼천리, 서울가스, 인천도시가스, 지에스이, 한국가스공사"
겨울,"LARGE_DECREASE, DISCONNECTION",0.0,10.493079809207453,-10.493079809207453,-100.0,21,"INVENI, SPC삼립, 경동나비엔, 경동도시가스, 골프존, 광동제약, 녹십자, 대성에너지, 대성홀딩스, 동화약품"
탈모 치료,"LARGE_DECREASE, DISCONNECTION",0.0,11.192308645556274,-11.192308645556274,-100.0,22,"JW신약, TS트릴리온, 강스템바이오텍, 대웅, 대웅제약, 메타랩스, 바이오니아, 보령, 신신제약, 안트로젠"
코로나19(치료제/백신 개발 등),"LARGE_DECREASE, DISCONNECTION",0.0,18.382340759646294,-18.382340759646294,-100.0,33,"JW중외제약, SK, SK바이오사이언스, 강스템바이오텍, 국전약품, 네이처셀, 리가켐바이오, 샤페론, 셀리드, 신풍"
황사/미세먼지,"LARGE_DECREASE, DISCONNECTION",0.0,13.030376680339645,-13.030376680339645,-100.0,28,"JW중외제약, 국제약품, 나노, 누리플랜, 롯데하이마트, 모나리자, 보령, 삼일, 삼일제약, 상아프론테크"
마스크,"LARGE_DECREASE, DISCONNECTION",0.0,11.603073711277656,-11.603073711277656,-100.0,24,"JW중외제약, 국제약품, 깨끗한나라, 녹십자, 녹십자엠에스, 동국제약, 동양, 디케이앤디, 레몬, 메디앙스"
전선,LARGE_DECREASE,2.8673625064201618,3.686356555766476,-0.8189940493463141,-22.21689727937961,9,"KBI메탈, LS, LS마린솔루션, LS에코에너지, 가온전선, 대원, 대원전선, 대한전선, 일진전기"
카카오뱅크(kakao BANK),"LARGE_DECREASE, DISCONNECTION",0.0,3.721530206489134,-3.721530206489134,-100.0,11,"KB금융, 드림시큐리티, 알서포트, 엑셈, 예스24, 이니텍, 인포뱅크, 카카오, 카카오뱅크, 한국금융지주"
STO(토큰증권 발행),LARGE_DECREASE,2.9581915004762744,12.1493762205187,-9.191184720042425,-75.65149480283377,28,"KB금융, NH투자증권, SK, SK증권, 갤럭시아머니트리, 갤럭시아에스엠, 교보증권, 다날, 뱅크웨어글로벌, 서울옥션"
리모델링/인테리어,"LARGE_DECREASE, DISCONNECTION",0.0,11.375662891425394,-11.375662891425394,-100.0,24,"KCC, KCC글라스, LX하우시스, SUN&L, 국보디자인, 대림바스, 대림통상, 동화기업, 라이온켐텍, 벽산"
전자결제(전자화폐),"LARGE_DECREASE, DISCONNECTION",0.0,6.806093413955258,-6.806093413955258,-100.0,15,"KG모빌리언스, KG이니시스, NHN, NHN KCP, 갤럭시아머니트리, 다날, 빌리언스, 인포바인, 인포뱅크, 카카오"
핀테크(FinTech),"LARGE_DECREASE, DISCONNECTION",0.0,17.82502326403318,-17.82502326403318,-100.0,36,"KG모빌리언스, KG이니시스, KT, NAVER, NHN, NHN KCP, SG, SGA, SGA솔루션즈, SK"
모바일콘텐츠(스마트폰/태블릿PC),LARGE_DECREASE,0.5805823471582405,17.815368540315514,-17.234786193157273,-96.74111514536224,36,"KG모빌리언스, KT, KT밀리의서재, KT지니뮤직, NAVER, NHN, NHN벅스, SK, SK스퀘어, TJ미디어"
애플페이,"LARGE_DECREASE, DISCONNECTION",0.0,3.885092458523244,-3.885092458523244,-100.0,10,"KG모빌리언스, KG이니시스, NHN, NHN KCP, NICE, 나이스정보통신, 빌리언스, 엑스플러스, 이루온, 한국정보통신"
삼성페이,LARGE_DECREASE,0.0,7.0990225300427936e-15,-7.0990225300427936e-15,-100.0,28,"KG모빌리언스, KG이니시스, NHN, NHN KCP, 갤럭시아머니트리, 나이스정보통신, 다날, 드림시큐리티, 라온시큐어, 빌리언스"
철강 주요종목,LARGE_DECREASE,0.9573585759682592,4.724095289427556,-3.766736713459297,-79.73456254976881,11,"KG스틸, POSCO홀딩스, 고려제강, 대한제강, 동국씨엠, 동국제강, 세아베스틸지주, 세아제강, 포스코스틸리온, 한국철강"
농업,"LARGE_DECREASE, DISCONNECTION",0.0,9.352453086980551,-9.352453086980551,-100.0,26,"KG케미칼, SB성보, TYM, 경농, 그린생명과학, 그린플러스, 남해화학, 농우바이오, 누보, 대동"
비료,"LARGE_DECREASE, DISCONNECTION",0.0,4.646891014057061,-4.646891014057061,-100.0,12,"KG케미칼, 남해화학, 농우바이오, 누보, 롯데정밀화학, 우진, 우진비앤지, 조비, 체시스, 태경비케이"
요소수,LARGE_DECREASE,0.0,0.9999999999999992,-0.9999999999999992,-100.0,5,"KG케미칼, TKG휴켐스, 롯데정밀화학, 유니온, 유니온머티리얼"
갤럭시 부품주,LARGE_DECREASE,0.9584072597023652,22.213611925331215,-21.25520466562885,-95.68549561897474,40,"KH바텍, PI첨단소재, PS일렉트로닉스, 기가레인, 나무가, 뉴프렉스, 덕산네오룩스, 드림텍, 레몬, 모베이스"
휴대폰부품,"LARGE_DECREASE, DISCONNECTION",0.0,26.387613502715062,-26.387613502715062,-100.0,47,"KH바텍, LG, LG이노텍, PS일렉트로닉스, 기가레인, 나무가, 디에이피, 디티씨, 레몬, 모다이노칩"
스마트폰,LARGE_DECREASE,0.8923900790518879,37.575719715948736,-36.68332963689685,-97.62508852578779,67,"KH바텍, LG, LG디스플레이, LG이노텍, PS일렉트로닉스, 기가레인, 나무가, 노바텍, 뉴온, 다산솔루에타"
폴더블폰,LARGE_DECREASE,0.815970873177017,16.636110931175775,-15.820140057998758,-95.09518254264641,31,"KH바텍, LG, LG디스플레이, LG화학, PI첨단소재, SK, SKC, 노바텍, 동운아나텍, 디케이티"
석유화학,LARGE_DECREASE,0.9657875812437813,8.302771148556385,-7.336983567312604,-88.36788869687557,21,"KPX케미칼, LG, LG화학, SK, SKC, SK이노베이션, SK케미칼, 그린케미칼, 금호석유화학, 대한유화"
양자암호/양자컴퓨팅,"LARGE_DECREASE, DISCONNECTION",0.0,11.6140554778605,-11.6140554778605,-100.0,26,"KT, LG, LG유플러스, SK, SK텔레콤, 드림시큐리티, 라닉스, 라온시큐어, 쏠리드, 씨티케이"
블록체인,"LARGE_DECREASE, DISCONNECTION",0.0,10.510369624440337,-10.510369624440337,-100.0,25,"KT, LG, NAVER, SG, SGA, SGA솔루션즈, SK, SK텔레콤, 네오위즈, 네오위즈홀딩스"
드론(Drone),LARGE_DECREASE,1.619426608164037,15.969456155785815,-14.350029547621778,-89.85922505834796,30,"KT, LIG넥스원, 기산텔레콤, 네온테크, 대한항공, 덕산하이메탈, 디티앤씨, 레이, 매커스, 베셀"
5G(5세대 이동통신),LARGE_DECREASE,0.8364197779974475,29.699549686854937,-28.863129908857488,-97.18372909078938,57,"KT, LG, LG유플러스, LG전자, LS, LS마린솔루션, LS에코에너지, PI첨단소재, PS일렉트로닉스, RFHIC"
RFID(NFC 등),LARGE_DECREASE,0.0,7.229197075985089e-24,-7.229197075985089e-24,-100.0,18,"KT, SK, SK스퀘어, 누리플렉스, 빅텍, 삼성전자, 소니드, 쓰리에이로직스, 아모텍, 에스넷"
통신,"LARGE_DECREASE, DISCONNECTION",0.0,2.999999999999999,-2.999999999999999,-100.0,5,"KT, LG, LG유플러스, SK, SK텔레콤"
골프,"LARGE_DECREASE, DISCONNECTION",0.0,4.969919550135082,-4.969919550135082,-100.0,12,"KX, 골프존, 골프존홀딩스, 남화산업, 라온피플, 모나용평, 미스토홀딩스, 베뉴지, 뷰웍스, 브이씨"
IT 대표주,LARGE_DECREASE,0.6678254075489743,5.0697339600261415,-4.401908552477167,-86.82721001112391,10,"LG, LG디스플레이, LG전자, SK, SK하이닉스, 레이, 삼성SDI, 삼성에스디에스, 삼성전자, 이닉스"
2025 상반기 신규상장,"LARGE_DECREASE, DISCONNECTION",0.0,3.999999999999997,-3.999999999999997,-100.0,6,"LG, 동방, 디바이스, 아이앤씨, 에스엠, 우양, 한화"
마이크로 LED,LARGE_DECREASE,0.7379560527841668,5.561180010311815,-4.823223957527648,-86.73022539432617,12,"LG, LG전자, 광전자, 라온텍, 루멘스, 사피엔반도체, 삼성전자, 서울반도체, 영우디에스피, 원풍물산"
스테이블코인,LARGE_DECREASE,5.658156242800347,8.76133531487941,-3.1031790720790635,-35.41901959634991,18,"LG, NAVER, NHN, NHN KCP, 넥써쓰, 다날, 드림시큐리티, 라온시큐어, 미투온, 뱅크웨어글로벌"
스마트팩토리(스마트공장),"LARGE_DECREASE, DISCONNECTION",0.0,18.37757492414574,-18.37757492414574,-100.0,38,"LG, LS, LS ELECTRIC, LS티라유텍, MDS테크, SK, TP, TPC, 고영, 더존비즈온"
리튬,"LARGE_DECREASE, DISCONNECTION",0.0,12.700252511695536,-12.700252511695536,-100.0,25,"LG, LG에너지솔루션, LG화학, POSCO홀딩스, 강원에너지, 광무, 나노, 대보마그네틱, 리튬포어스, 미래나노텍"
지능형로봇/인공지능(AI),LARGE_DECREASE,0.977298484930612,31.298867264255414,-30.321568779324803,-96.87752762207236,57,"LG, LG전자, 가온그룹, 고영, 네오펙트, 네패스, 더블유에스아이, 데이타솔루션, 라온피플, 러셀"
아이폰,LARGE_DECREASE,0.964817739679652,12.684757011008363,-11.71993927132871,-92.3938807906029,26,"LG, LG디스플레이, LG이노텍, LG화학, LX세미콘, SK, SK하이닉스, 덕산네오룩스, 덕우전자, 레이"
2차전지(전고체),LARGE_DECREASE,0.990439638628344,11.082662475277065,-10.092222836648721,-91.06316157477688,32,"LG, LG에너지솔루션, SK, SK아이이테크놀로지, SK이노베이션, 나인테크, 대주전자재료, 덕산테코피아, 동화기업, 레몬"
2차전지(나트륨이온),LARGE_DECREASE,2.0719438129931502,5.919395599429073,-3.847451786435923,-64.99737552271402,12,"LG, LG에너지솔루션, 나인테크, 더블유씨피, 디아이, 디아이씨, 메가터치, 삼성SDI, 애경케미칼, 에코프로"
2차전지(생산),LARGE_DECREASE,0.5188056959079842,2.0,-1.481194304092016,-74.05971520460079,5,"LG, LG에너지솔루션, SK, SK이노베이션, 삼성SDI"
전기차(충전소/충전기),"LARGE_DECREASE, DISCONNECTION",0.0,17.066079864543774,-17.066079864543774,-100.0,33,"LG, LG유플러스, LG헬로비전, NICE, NICE인프라, SK, SK네트웍스, 그리드위즈, 기아, 동양"
제습기,LARGE_DECREASE,1.8233434038921033,3.041373472874536,-1.2180300689824328,-40.048684577735166,9,"LG, LG전자, 삼성전자, 신일전자, 에스피지, 위닉스, 코웨이, 쿠쿠홈시스, 파세코"
공기청정기,"LARGE_DECREASE, DISCONNECTION",0.0,6.299107584685407,-6.299107584685407,-100.0,13,"LG, LG전자, 삼성전자, 성호전자, 신일전자, 씨앤투스, 에스피지, 오텍, 위닉스, 케이웨더"
무선충전기술,"LARGE_DECREASE, DISCONNECTION",0.0,5.316748819730274,-5.316748819730274,-100.0,13,"LG, LG이노텍, LG전자, LS, 비에이치, 삼성전자, 아모센스, 알에프텍, 웰킵스하이텍, 위츠"
니켈,"LARGE_DECREASE, DISCONNECTION",0.0,5.783274911202508,-5.783274911202508,-100.0,16,"LG, LG에너지솔루션, LG화학, LX인터내셔널, POSCO홀딩스, 다이나믹디자인, 대양금속, 삼화전자, 유에스티, 이상네트웍스"
LED,LARGE_DECREASE,0.0,1.4210854715202004e-14,-1.4210854715202004e-14,-100.0,43,"LG, LG전자, 광전자, 금호에이치티, 금호전기, 나노, 나노신소재, 레이, 레이크머티리얼즈, 루멘스"
카메라모듈/부품,LARGE_DECREASE,0.5511676163676114,14.071349127658625,-13.520181511291014,-96.08305066296566,30,"LG, LG이노텍, LK삼양, 나무가, 덕우전자, 동운아나텍, 라온피플, 삼성전기, 성우, 성우전자"
바이오시밀러(복제 바이오의약품),LARGE_DECREASE,1.5687490824108357,9.208428536241058,-7.639679453830222,-82.96398700129122,24,"LG, LG화학, 녹십자, 대웅, 대웅제약, 동아에스티, 바이넥스, 보령, 삼성바이오로직스, 삼천당제약"
탄소나노튜브(CNT),LARGE_DECREASE,0.6972243622680053,2.0000000000000004,-1.3027756377319952,-65.13878188659974,5,"LG, LG화학, 금호석유화학, 상보, 오픈베이스, 제이오"
로봇(산업용/협동로봇 등),LARGE_DECREASE,1.4644250362511317,30.601677498376013,-29.13725246212488,-95.21455960599269,53,"LIG넥스원, LS, LS티라유텍, TP, TPC, 뉴로메카, 대동, 대동기어, 두산, 두산로보틱스"
항공기부품,LARGE_DECREASE,0.576302470289245,5.533924326045422,-4.957621855756177,-89.58600739123091,15,"LIG넥스원, 대한항공, 두산, 두산에너빌리티, 솔디펜스, 아스트, 오르비텍, 이엠코리아, 켄코아에어로스페이스, 하이즈항공"
전기차 화재 방지(배터리 열폭주 등),LARGE_INCREASE,0.3343382271234939,1.4210854715202004e-14,0.3343382271234797,2352696117326586.5,37,"LK삼양, 그리드위즈, 금호에이치티, 나노, 나노팀, 디와이, 디와이덕양, 레이, 롯데이노베이트, 민테크"
고체산화물 연료전지(SOFC),"LARGE_DECREASE, DISCONNECTION",0.0,6.937908051242661,-6.937908051242661,-100.0,15,"LS, LS머트리얼즈, SK, SK디앤디, SK이터닉스, 금양그린파워, 두산, 두산퓨얼셀, 미코, 범한퓨얼셀"
초전도체,"LARGE_DECREASE, DISCONNECTION",0.0,8.60208177967406,-8.60208177967406,-100.0,18,"LS, LS ELECTRIC, 고려제강, 덕성, 디오, 모비스, 비츠로테크, 서남, 신성델타테크, 아모텍"
해저터널(지하화/지하도로 등),LARGE_DECREASE,0.7931222928450352,2.9999999999999982,-2.206877707154963,-73.56259023849881,8,"LS, LS마린솔루션, 동아지질, 부산산업, 세명전기, 우원개발, 특수건설, 한국선재"
네옴시티,LARGE_DECREASE,0.70475744491303,14.752434925209016,-14.047677480295986,-95.22277204755713,29,"LS, LS에코에너지, SM C&C, SM Life Design, SNT에너지, 다스코, 대모, 대한전선, 도화엔지니어링, 비엠티"
딥페이크(deepfake),LARGE_DECREASE,0.73789867256724,7.101117495261642,-6.363218822694402,-89.60869647545451,14,"M83, 디지캡, 라온시큐어, 샌즈랩, 스톤브릿지벤처스, 시선AI, 씨티케이, 아이씨티케이, 알체라, 에스피소프트"
모바일솔루션(스마트폰),LARGE_DECREASE,0.38139278543717947,11.323584953709847,-10.942192168272667,-96.63187244149012,24,"MDS테크, 갤럭시아머니트리, 네이블, 다날, 다산네트웍스, 브레인즈컴퍼니, 셀바스AI, 아이텍, 엠로, 위세아이텍"
"주류업(주정, 에탄올 등)","LARGE_DECREASE, DISCONNECTION",0.0,4.88578579214664,-4.88578579214664,-100.0,12,"MH에탄올, 국순당, 나라셀라, 롯데칠성, 무학, 보해양조, 진로발효, 창해에탄올, 풍국주정, 하이트진로"
AI 챗봇(챗GPT 등),"LARGE_DECREASE, DISCONNECTION",0.0,13.442605913083003,-13.442605913083003,-100.0,28,"NAVER, SK, SKAI, 글로벌텍스프리, 데이타솔루션, 마음AI, 모델솔루션, 모코엠시스, 미디어젠, 바이브컴퍼니"
음성인식,"LARGE_DECREASE, DISCONNECTION",0.0,3.4816642816935595,-3.4816642816935595,-100.0,14,"NAVER, 가온그룹, 대모, 모비스, 미디어젠, 브리지텍, 블루콤, 셀바스AI, 카카오, 코콤"
SNS(소셜네트워크서비스),"LARGE_DECREASE, DISCONNECTION",0.0,5.901951827472857,-5.901951827472857,-100.0,11,"NAVER, NHN, NHN벅스, SOOP, 가비아, 갤럭시아머니트리, 유엔젤, 이루온, 인포뱅크, 카카오"
모바일게임(스마트폰),"LARGE_DECREASE, DISCONNECTION",0.0,20.759973105604093,-20.759973105604093,-100.0,40,"NAVER, NHN, 고스트스튜디오, 네오리진, 네오위즈, 네오위즈홀딩스, 넥슨게임즈, 넥써쓰, 넵튠, 넷마블"
게임,"LARGE_DECREASE, DISCONNECTION",0.0,17.511374878206517,-17.511374878206517,-100.0,34,"NAVER, NHN, 네오리진, 네오위즈, 네오위즈홀딩스, 넥슨게임즈, 넥써쓰, 넵튠, 넷마블, 대원"
마이데이터,"LARGE_DECREASE, DISCONNECTION",0.0,5.572373582557203,-5.572373582557203,-100.0,12,"NAVER, NICE, NICE평가정보, 세종텔레콤, 아이티아이즈, 아톤, 유비벨록스, 쿠콘, 파수, 파이오링크"
웹툰,"LARGE_DECREASE, DISCONNECTION",0.0,8.714356088529863,-8.714356088529863,-100.0,18,"NAVER, NHN, 대원, 대원미디어, 디앤씨미디어, 디오, 미스터블루, 미투온, 수성웹툰, 엔비티"
재택근무/스마트워크,"LARGE_DECREASE, DISCONNECTION",0.0,7.78495242417941,-7.78495242417941,-100.0,17,"NHN, 더존비즈온, 링네트, 세종텔레콤, 소프트캠프, 알서포트, 에스넷, 영림원소프트랩, 오파스넷, 이씨에스"
화폐/금융자동화기기(디지털화폐 등),"LARGE_DECREASE, DISCONNECTION",0.0,5.512866374018617,-5.512866374018617,-100.0,12,"NICE, NICE인프라, 누리플렉스, 로지시스, 이씨에스, 카카오, 카카오페이, 케이씨에스, 케이씨티, 푸른기술"
키오스크(KIOSK),"LARGE_DECREASE, DISCONNECTION",0.0,4.979785918265909,-4.979785918265909,-100.0,11,"NICE, NICE인프라, 씨아이테크, 윈스테크넷, 이씨에스, 인바이오, 인바이오젠, 케이씨에스, 케이씨티, 파버나인"
日 수출 규제(국산화 등),LARGE_DECREASE,1.8223819339832725,11.156001231136884,-9.33361929715361,-83.66455958343815,23,"PI첨단소재, 경인양행, 동진쎄미켐, 디이엔티, 램테크놀러지, 삼륭물산, 솔브레인, 송원산업, 아진산업, 에스앤에스텍"
PCB(FPCB 등),LARGE_DECREASE,0.5804494034553896,16.577264482726076,-15.996815079270686,-96.49852118809933,35,"PI첨단소재, 네오티스, 뉴프렉스, 대덕, 대덕전자, 디에이피, 롯데에너지머티리얼즈, 비에이치, 삼성전기, 상아프론테크"
밥솥,"LARGE_DECREASE, DISCONNECTION",0.0,2.0,-2.0,-100.0,5,"PN풍년, 신일전자, 어보브반도체, 캐리, 쿠쿠홀딩스"
캐릭터상품,"LARGE_DECREASE, DISCONNECTION",0.0,4.107725245487795,-4.107725245487795,-100.0,9,"SAMG엔터, 대원, 대원미디어, 데브시스터즈, 리튬포어스, 블리츠웨이엔터테인먼트, 손오공, 오로라, 캐리, 캐리소프트"
엔젤산업,"LARGE_DECREASE, DISCONNECTION",0.0,11.688817968394051,-11.688817968394051,-100.0,25,"SAMG엔터, 꿈비, 남양유업, 네오팜, 대교, 대원, 대원미디어, 매일유업, 메디앙스, 모나미"
출산장려정책,"LARGE_DECREASE, DISCONNECTION",0.0,9.286902224318167,-9.286902224318167,-100.0,21,"SAMG엔터, 깨끗한나라, 꿈비, 남양유업, 네오팜, 대교, 매일유업, 메디앙스, 모나리자, 삼성출판사"
야놀자(Yanolja),LARGE_DECREASE,4.0,6.0,-2.0,-33.33333333333333,6,"SBI인베스트먼트, 그래디언트, 아주IB투자, 한화, 한화생명, 한화투자증권"
"스포츠행사 수혜(올림픽, 월드컵 등)","LARGE_DECREASE, DISCONNECTION",0.0,2.8191721236430087,-2.8191721236430087,-100.0,9,"SBS, SOOP, 동우팜투테이블, 마니커, 이지홀딩스, 팜스토리, 하림, 하이트진로, 하이트진로홀딩스"
온실가스(탄소배출권)/탄소 포집·활용·저장(CCUS),"LARGE_DECREASE, DISCONNECTION",0.0,9.422216765158614,-9.422216765158614,-100.0,17,"SG, SGC에너지, SJG세종, TKG휴켐스, 그린케미칼, 동방, 미코, 에어레인, 에이치엠넥스, 에코바이오"
시멘트/레미콘,"LARGE_DECREASE, DISCONNECTION",0.0,7.509598589198933,-7.509598589198933,-100.0,15,"SG, 강동씨앤엘, 동양, 모헨즈, 부산산업, 삼표시멘트, 서산, 성신양회, 쎄니트, 아세아"
보안주(정보),"LARGE_DECREASE, DISCONNECTION",0.0,24.330872789062106,-24.330872789062106,-100.0,48,"SG, SGA, SGA솔루션즈, 가비아, 나노, 나노실리칸첨단소재, 나노씨엠에스, 다우데이타, 드림시큐리티, 디지캡"
아스콘(아스팔트 콘크리트),"LARGE_DECREASE, DISCONNECTION",0.0,4.999999999999999,-4.999999999999999,-100.0,7,"SG, 극동유화, 스페코, 아이티센씨티에스, 엔피, 엔피케이, 유진기업, 한국석유"
공작기계,"LARGE_DECREASE, DISCONNECTION",0.0,4.987714471519414,-4.987714471519414,-100.0,14,"SIMPAC, SNT다이내믹스, 넥스턴바이오, 대성하이텍, 서암기계공업, 스맥, 에이비프로바이오, 와이지-원, 유니온, 유니온머티리얼"
3D 낸드(NAND),"LARGE_DECREASE, DISCONNECTION",0.0,8.970969256888647,-8.970969256888647,-100.0,21,"SK, SK하이닉스, 디엔에프, 삼성전자, 심텍, 원익, 원익IPS, 원익QnC, 원익머트리얼즈, 유니테스트"
HBM(고대역폭메모리),"LARGE_DECREASE, DISCONNECTION",1.4210096392249178e-14,17.134874783131707,-17.134874783131693,-99.99999999999993,35,"SK, SK하이닉스, 고영, 나노, 디아이, 디아이티, 레이, 레이저쎌, 마이크로투나노, 미래반도체"
CXL(컴퓨트익스프레스링크),"LARGE_DECREASE, DISCONNECTION",0.0,6.696421485684079,-6.696421485684079,-100.0,15,"SK, SK하이닉스, 국순당, 네오셈, 대교, 삼성전자, 엑시콘, 오킨스전자, 오픈엣지테크놀로지, 이닉스"
"백신/진단시약/방역(신종플루, AI 등)","LARGE_DECREASE, DISCONNECTION",0.0,22.90291271730772,-22.90291271730772,-100.0,46,"SK, SK바이오사이언스, SK케미칼, 고려제약, 광동제약, 녹십자, 녹십자홀딩스, 대성미생물, 대한뉴팜, 더바이오메드"
강관업체(Steel pipe),"LARGE_DECREASE, DISCONNECTION",0.0,5.57222379481841,-5.57222379481841,-100.0,12,"SK, SK오션플랜트, 금강공업, 넥스틸, 동양, 세아제강, 유에스티, 율촌, 이렘, 하이스틸"
조림사업,"LARGE_DECREASE, DISCONNECTION",0.0,7.348906591062829,-7.348906591062829,-100.0,12,"SK, SUN&L, 동신건설, 무림P&P, 성창기업지주, 이건산업, 이건홀딩스, 자연과환경, 제이씨케미칼, 한솔홈데코"
남-북-러 가스관사업,LARGE_DECREASE,0.7042155379873996,9.429629108979892,-8.725413570992492,-92.53188508425245,18,"SK, SK오션플랜트, 대동, 대동스틸, 동양, 동양에스텍, 디케이락, 문배철강, 부국철강, 삼현"
여행,"LARGE_DECREASE, DISCONNECTION",0.0,5.000000000000001,-5.000000000000001,-100.0,9,"SM C&C, 그래디언트, 노랑풍선, 레드캡투어, 롯데관광개발, 모두투어, 세중, 참좋은여행, 하나투어"
3D 프린터,"LARGE_DECREASE, DISCONNECTION",0.0,4.69490055307259,-4.69490055307259,-100.0,10,"TP, TPC, 로보스타, 모아텍, 스맥, 에스티아이, 코렌텍, 티앤알바이오팹, 하이비젼시스템, 휴림로봇"
증강현실(AR),"LARGE_DECREASE, DISCONNECTION",0.0,9.8759734372779,-9.8759734372779,-100.0,22,"가온그룹, 나무가, 덱스터, 동운아나텍, 디모아, 디오, 라온텍, 레이, 버넥트, 비트맥스"
아프리카 돼지열병(ASF),"LARGE_DECREASE, DISCONNECTION",0.0,17.604975757125285,-17.604975757125285,-100.0,33,"강동씨앤엘, 대성미생물, 대한뉴팜, 동우팜투테이블, 마니커, 미래생명자원, 선진, 세니젠, 셀레믹스, 신라에스지"
제대혈,"LARGE_DECREASE, DISCONNECTION",0.0,4.0,-4.0,-100.0,6,"강스템바이오텍, 녹십자, 메디포스트, 오텍, 지씨셀, 차바이오텍"
태풍 및 장마,"LARGE_DECREASE, DISCONNECTION",0.0,4.384979782260736,-4.384979782260736,-100.0,11,"경농, 남해화학, 뉴보텍, 대동, 동방, 동방아그로, 롯데정밀화학, 인선이엔티, 조비, 파루"
남북경협,LARGE_DECREASE,1.3942866306421535,10.381090208527842,-8.98680357788569,-86.56897683543126,27,"경농, 남광토건, 남해화학, 남화토건, 녹십자, 다스코, 도화엔지니어링, 롯데정밀화학, 세운메디칼, 스페코"
그래핀,LARGE_DECREASE,0.8228498723886358,6.190542159255178,-5.367692286866542,-86.70795140037238,12,"경인양행, 다산솔루에타, 대창, 덕산하이메탈, 디와이, 디와이덕양, 상보, 아이텍, 엑사이엔씨, 엘엠에스"
핵융합에너지,"LARGE_DECREASE, DISCONNECTION",0.0,3.466397093103536,-3.466397093103536,-100.0,9,"고려제강, 다원시스, 두산, 두산에너빌리티, 모비스, 비츠로테크, 삼화콘덴서, 에스에프에이, 일진파워"
NI(네트워크통합),"LARGE_DECREASE, DISCONNECTION",0.0,1.8299135133739668,-1.8299135133739668,-100.0,6,"광무, 링네트, 아이티센씨티에스, 에스넷, 오파스넷, 오픈베이스, 인성정보"
백화점,LARGE_DECREASE,0.9486257582689623,3.999999999999999,-3.051374241731037,-76.28435604327595,7,"광주신세계, 대구백화점, 롯데쇼핑, 신세계, 한화, 한화갤러리아, 현대백화점"
육계,LARGE_DECREASE,0.9741643898103213,3.9184376888961,-2.9442732990857787,-75.13895927014825,9,"교촌에프앤비, 동우팜투테이블, 마니커, 마니커에프앤지, 이지홀딩스, 체리부로, 팜스토리, 푸드나무, 하림"
테마파크,"LARGE_DECREASE, DISCONNECTION",0.0,3.9999999999999982,-3.9999999999999982,-100.0,6,"국보디자인, 닷밀, 시공테크, 이월드, 한국종합기술, 현대건설"
LED장비,LARGE_DECREASE,0.8441106920141219,5.2338964739208,-4.389785781906678,-83.87223178333552,12,"기가레인, 네온테크, 레이, 레이저쎌, 미래컴퍼니, 예스티, 이오테크닉스, 주성엔지니어링, 탑엔지니어링, 티씨케이"
제지,LARGE_DECREASE,1.8119014327914758,7.146555816285222,-5.334654383493746,-74.64650834094651,14,"깨끗한나라, 무림P&P, 무림SP, 무림페이퍼, 삼정펄프, 신풍, 아세아, 아세아제지, 페이퍼코리아, 한국수출포장"
터치패널(스마트폰/태블릿PC 등),LARGE_DECREASE,0.0,-2.0514435703508242e-29,2.0514435703508242e-29,-100.0,10,"나노, 미래나노텍, 베셀, 에코볼트, 유아이디, 이미지스, 일진디스플, 토비스, 파인텍, 하이딥"
원격진료/비대면진료(U-Healthcare),"LARGE_DECREASE, DISCONNECTION",0.0,8.632043939493904,-8.632043939493904,-100.0,23,"나노, 나노엔텍, 네오펙트, 녹십자, 녹십자홀딩스, 마크로젠, 메디포스트, 뷰웍스, 블루엠텍, 비트컴퓨터"
치아 치료(임플란트 등),"LARGE_DECREASE, DISCONNECTION",0.0,6.885394158358473,-6.885394158358473,-100.0,14,"나이벡, 덴티스, 덴티움, 디오, 레이, 메타바이오메드, 바텍, 신흥, 오스코텍, 오스테오닉"
mRNA(메신저 리보핵산),"LARGE_DECREASE, DISCONNECTION",0.0,7.822921584959946,-7.822921584959946,-100.0,16,"나이벡, 녹십자, 삼양홀딩스, 서린바이오, 셀루메드, 아미노로직스, 아이진, 에스티팜, 엔지켐생명과학, 올릭스"
MLCC(적층세라믹콘덴서),"LARGE_DECREASE, DISCONNECTION",0.0,4.999999999999992,-4.999999999999992,-100.0,11,"네온테크, 대주전자재료, 바텍, 삼성전기, 삼화콘덴서, 아모텍, 아바텍, 원준, 코스모신소재, 코칩"
뉴로모픽 반도체,LARGE_DECREASE,1.763932022500209,3.9999999999999982,-2.236067977499789,-55.90169943749474,7,"네패스, 네패스아크, 삼성전자, 앤씨앤, 에이직랜드, 오픈엣지테크놀로지, 자람테크놀로지"
의료AI,LARGE_DECREASE,0.0,-1.7763568394045805e-15,1.7763568394045805e-15,-100.0,26,"노을, 드림씨아이에스, 딥노이드, 랩지노믹스, 루닛, 메디아나, 모아데이타, 뷰노, 비스토스, 셀루메드"
모더나(MODERNA),"LARGE_DECREASE, DISCONNECTION",0.0,2.000000000000001,-2.000000000000001,-100.0,6,"녹십자, 삼성바이오로직스, 소마젠, 에스티팜, 엔투텍, 파미셀"
DMZ 평화공원,"LARGE_DECREASE, DISCONNECTION",0.0,8.863574124165627,-8.863574124165627,-100.0,19,"누리플랜, 대창, 대창스틸, 딜리, 모나용평, 모헨즈, 삼륭물산, 시공테크, 시그네틱스, 씨아이테크"
전자파,"LARGE_DECREASE, DISCONNECTION",0.0,7.359385269162044,-7.359385269162044,-100.0,13,"다산솔루에타, 동일기연, 레몬, 상신전자, 성우, 성우전자, 아모텍, 아이씨에이치, 잉크테크, 제너셈"
골판지 제조,"LARGE_DECREASE, DISCONNECTION",0.0,2.8072994928995927,-2.8072994928995927,-100.0,12,"대림제지, 대영포장, 리더스코스메틱, 삼보판지, 신대양제지, 아세아, 아세아제지, 영풍, 영풍제지, 태림포장"
"구충제(펜벤다졸, 이버멕틴 등)","LARGE_DECREASE, DISCONNECTION",0.0,4.9773444091360615,-4.9773444091360615,-100.0,11,"대성미생물, 명문제약, 신풍, 신풍제약, 알리코제약, 오텍, 이글벳, 조아제약, 진바이오텍, 체시스"
토스(toss),LARGE_DECREASE,1.0,2.108780151289707,-1.1087801512897069,-52.57921982106997,7,"대신정보통신, 엔비티, 이월드, 하나금융지주, 한국전자인증, 한화, 한화투자증권"
보톡스(보툴리눔톡신),"LARGE_DECREASE, DISCONNECTION",0.0,7.747105771545602,-7.747105771545602,-100.0,14,"대웅, 대웅제약, 디에스케이, 메디톡스, 알에프텍, 유바이오로직스, 제테마, 청담글로벌, 파마리서치, 한국비엔씨"
미용기기,LARGE_DECREASE,1.76178180128593,9.82452702214024,-8.06274522085431,-82.06751533874726,19,"대웅, 대웅제약, 동방, 라메디텍, 레이, 레이저옵텍, 메디톡스, 비올, 에이피알, 원텍"
원자력발전소 해체,"LARGE_DECREASE, DISCONNECTION",0.0,3.7571624152851113,-3.7571624152851113,-100.0,16,"대창, 대창솔루션, 두산, 두산에너빌리티, 비에이치, 비에이치아이, 비츠로테크, 에스앤더블류, 오르비텍, 우리기술"
화이자(PFIZER),"LARGE_DECREASE, DISCONNECTION",0.0,4.999999999999996,-4.999999999999996,-100.0,6,"대한약품, 서울제약, 유한양행, 제일약품, 제주반도체, 파미셀"
화학섬유,"LARGE_DECREASE, DISCONNECTION",0.0,5.105582008930062,-5.105582008930062,-100.0,10,"대한화섬, 성안머티리얼스, 코오롱, 코오롱인더, 태광, 태광산업, 한화, 효성, 효성티앤씨, 휴비스"
생명보험,LARGE_DECREASE,0.77266062105735,6.9999999999999964,-6.227339378942647,-88.96199112775214,7,"동양, 동양생명, 미래에셋생명, 삼성생명, 코리안리, 한화, 한화생명"
바이오인식(생체인식),LARGE_DECREASE,0.9276601057294724,8.790150846505371,-7.862490740775899,-89.44659628795478,16,"동운아나텍, 드림시큐리티, 드림텍, 라온시큐어, 슈프리마, 슈프리마에이치큐, 시선AI, 시큐브, 아이티센피엔에스, 알체라"
탈 플라스틱(친환경/생분해성 등),LARGE_DECREASE,0.9572293843340344,7.000000000000004,-6.04277061566597,-86.3252945095138,8,"디아이, 디아이씨, 삼륭물산, 씨티케이, 에코플라스틱, 진영, 코오롱, 코오롱ENP"
피팅(관이음쇠)/밸브,LARGE_INCREASE,3.585786437626906,1.7679688418163857,1.8178175958105203,102.81954935036754,9,"디케이락, 비엠티, 성광벤드, 케이에스피, 태광, 하이록코리아, 한국선재, 한선엔지니어링, 화성밸브"
렌터카,"LARGE_DECREASE, DISCONNECTION",0.0,1.0,-1.0,-100.0,4,"레드캡투어, 롯데렌탈, 쏘카, 케이카"
낙태/피임,"LARGE_DECREASE, DISCONNECTION",0.0,2.0,-2.0,-100.0,4,"명문제약, 알리코제약, 지엘팜텍, 현대약품"
보안주(물리),LARGE_DECREASE,0.6828437457783445,9.857478440422314,-9.17463469464397,-93.07283551361142,18,"벨로크, 슈프리마, 슈프리마에이치큐, 시선AI, 싸이버원, 아이디스, 앤씨앤, 에스원, 엑시큐어하이트론, 이노뎁"
CCTV＆DVR,"LARGE_DECREASE, DISCONNECTION",0.0,4.5857864376269095,-4.5857864376269095,-100.0,8,"비츠로시스, 아이디스, 앤씨앤, 엑시큐어하이트론, 인콘, 코콤, 포커스에이아이, 한화, 한화비전"
자전거,"LARGE_DECREASE, DISCONNECTION",0.0,1.999999999999999,-1.999999999999999,-100.0,4,"빅텍, 삼천리, 삼천리자전거, 알톤"
전기자전거,"LARGE_DECREASE, DISCONNECTION",0.0,1.6972243622680043,-1.6972243622680043,-100.0,6,"삼성SDI, 삼천리, 삼천리자전거, 알톤, 에스피지, 파워로직스"
4대강 복원,"LARGE_DECREASE, DISCONNECTION",0.0,3.585786437626904,-3.585786437626904,-100.0,7,"삼호개발, 우원개발, 웹스, 자연과환경, 특수건설, 하이드로리튬, 혜인"
폐기물처리,"LARGE_DECREASE, DISCONNECTION",0.0,2.0,-2.0,-100.0,5,"서한, 와이엔텍, 인선이엔티, 태영건설, 한솔홀딩스"
유심(USIM),LARGE_DECREASE,0.7639320225002102,2.585786437626904,-1.821854415126694,-70.45649202177323,6,"성우, 성우전자, 엑스큐어, 옴니시스템, 유비벨록스, 이루온"
